--
-- PostgreSQL database dump
--

-- Dumped from database version 16.3 (Debian 16.3-1.pgdg120+1)
-- Dumped by pg_dump version 16.3 (Debian 16.3-1.pgdg120+1)

SET statement_timeout = 0;
SET lock_timeout = 0;
SET idle_in_transaction_session_timeout = 0;
SET client_encoding = 'UTF8';
SET standard_conforming_strings = on;
SELECT pg_catalog.set_config('search_path', '', false);
SET check_function_bodies = false;
SET xmloption = content;
SET client_min_messages = warning;
SET row_security = off;

SET default_tablespace = '';

SET default_table_access_method = heap;

--
-- Name: auth_group; Type: TABLE; Schema: public; Owner: betyaevilya
--

CREATE TABLE public.auth_group (
    id integer NOT NULL,
    name character varying(150) NOT NULL
);


ALTER TABLE public.auth_group OWNER TO betyaevilya;

--
-- Name: auth_group_id_seq; Type: SEQUENCE; Schema: public; Owner: betyaevilya
--

ALTER TABLE public.auth_group ALTER COLUMN id ADD GENERATED BY DEFAULT AS IDENTITY (
    SEQUENCE NAME public.auth_group_id_seq
    START WITH 1
    INCREMENT BY 1
    NO MINVALUE
    NO MAXVALUE
    CACHE 1
);


--
-- Name: auth_group_permissions; Type: TABLE; Schema: public; Owner: betyaevilya
--

CREATE TABLE public.auth_group_permissions (
    id bigint NOT NULL,
    group_id integer NOT NULL,
    permission_id integer NOT NULL
);


ALTER TABLE public.auth_group_permissions OWNER TO betyaevilya;

--
-- Name: auth_group_permissions_id_seq; Type: SEQUENCE; Schema: public; Owner: betyaevilya
--

ALTER TABLE public.auth_group_permissions ALTER COLUMN id ADD GENERATED BY DEFAULT AS IDENTITY (
    SEQUENCE NAME public.auth_group_permissions_id_seq
    START WITH 1
    INCREMENT BY 1
    NO MINVALUE
    NO MAXVALUE
    CACHE 1
);


--
-- Name: auth_permission; Type: TABLE; Schema: public; Owner: betyaevilya
--

CREATE TABLE public.auth_permission (
    id integer NOT NULL,
    name character varying(255) NOT NULL,
    content_type_id integer NOT NULL,
    codename character varying(100) NOT NULL
);


ALTER TABLE public.auth_permission OWNER TO betyaevilya;

--
-- Name: auth_permission_id_seq; Type: SEQUENCE; Schema: public; Owner: betyaevilya
--

ALTER TABLE public.auth_permission ALTER COLUMN id ADD GENERATED BY DEFAULT AS IDENTITY (
    SEQUENCE NAME public.auth_permission_id_seq
    START WITH 1
    INCREMENT BY 1
    NO MINVALUE
    NO MAXVALUE
    CACHE 1
);


--
-- Name: auth_user; Type: TABLE; Schema: public; Owner: betyaevilya
--

CREATE TABLE public.auth_user (
    id integer NOT NULL,
    password character varying(128) NOT NULL,
    last_login timestamp with time zone,
    is_superuser boolean NOT NULL,
    username character varying(150) NOT NULL,
    first_name character varying(150) NOT NULL,
    last_name character varying(150) NOT NULL,
    email character varying(254) NOT NULL,
    is_staff boolean NOT NULL,
    is_active boolean NOT NULL,
    date_joined timestamp with time zone NOT NULL
);


ALTER TABLE public.auth_user OWNER TO betyaevilya;

--
-- Name: auth_user_groups; Type: TABLE; Schema: public; Owner: betyaevilya
--

CREATE TABLE public.auth_user_groups (
    id bigint NOT NULL,
    user_id integer NOT NULL,
    group_id integer NOT NULL
);


ALTER TABLE public.auth_user_groups OWNER TO betyaevilya;

--
-- Name: auth_user_groups_id_seq; Type: SEQUENCE; Schema: public; Owner: betyaevilya
--

ALTER TABLE public.auth_user_groups ALTER COLUMN id ADD GENERATED BY DEFAULT AS IDENTITY (
    SEQUENCE NAME public.auth_user_groups_id_seq
    START WITH 1
    INCREMENT BY 1
    NO MINVALUE
    NO MAXVALUE
    CACHE 1
);


--
-- Name: auth_user_id_seq; Type: SEQUENCE; Schema: public; Owner: betyaevilya
--

ALTER TABLE public.auth_user ALTER COLUMN id ADD GENERATED BY DEFAULT AS IDENTITY (
    SEQUENCE NAME public.auth_user_id_seq
    START WITH 1
    INCREMENT BY 1
    NO MINVALUE
    NO MAXVALUE
    CACHE 1
);


--
-- Name: auth_user_user_permissions; Type: TABLE; Schema: public; Owner: betyaevilya
--

CREATE TABLE public.auth_user_user_permissions (
    id bigint NOT NULL,
    user_id integer NOT NULL,
    permission_id integer NOT NULL
);


ALTER TABLE public.auth_user_user_permissions OWNER TO betyaevilya;

--
-- Name: auth_user_user_permissions_id_seq; Type: SEQUENCE; Schema: public; Owner: betyaevilya
--

ALTER TABLE public.auth_user_user_permissions ALTER COLUMN id ADD GENERATED BY DEFAULT AS IDENTITY (
    SEQUENCE NAME public.auth_user_user_permissions_id_seq
    START WITH 1
    INCREMENT BY 1
    NO MINVALUE
    NO MAXVALUE
    CACHE 1
);


--
-- Name: django_admin_log; Type: TABLE; Schema: public; Owner: betyaevilya
--

CREATE TABLE public.django_admin_log (
    id integer NOT NULL,
    action_time timestamp with time zone NOT NULL,
    object_id text,
    object_repr character varying(200) NOT NULL,
    action_flag smallint NOT NULL,
    change_message text NOT NULL,
    content_type_id integer,
    user_id integer NOT NULL,
    CONSTRAINT django_admin_log_action_flag_check CHECK ((action_flag >= 0))
);


ALTER TABLE public.django_admin_log OWNER TO betyaevilya;

--
-- Name: django_admin_log_id_seq; Type: SEQUENCE; Schema: public; Owner: betyaevilya
--

ALTER TABLE public.django_admin_log ALTER COLUMN id ADD GENERATED BY DEFAULT AS IDENTITY (
    SEQUENCE NAME public.django_admin_log_id_seq
    START WITH 1
    INCREMENT BY 1
    NO MINVALUE
    NO MAXVALUE
    CACHE 1
);


--
-- Name: django_content_type; Type: TABLE; Schema: public; Owner: betyaevilya
--

CREATE TABLE public.django_content_type (
    id integer NOT NULL,
    app_label character varying(100) NOT NULL,
    model character varying(100) NOT NULL
);


ALTER TABLE public.django_content_type OWNER TO betyaevilya;

--
-- Name: django_content_type_id_seq; Type: SEQUENCE; Schema: public; Owner: betyaevilya
--

ALTER TABLE public.django_content_type ALTER COLUMN id ADD GENERATED BY DEFAULT AS IDENTITY (
    SEQUENCE NAME public.django_content_type_id_seq
    START WITH 1
    INCREMENT BY 1
    NO MINVALUE
    NO MAXVALUE
    CACHE 1
);


--
-- Name: django_migrations; Type: TABLE; Schema: public; Owner: betyaevilya
--

CREATE TABLE public.django_migrations (
    id bigint NOT NULL,
    app character varying(255) NOT NULL,
    name character varying(255) NOT NULL,
    applied timestamp with time zone NOT NULL
);


ALTER TABLE public.django_migrations OWNER TO betyaevilya;

--
-- Name: django_migrations_id_seq; Type: SEQUENCE; Schema: public; Owner: betyaevilya
--

ALTER TABLE public.django_migrations ALTER COLUMN id ADD GENERATED BY DEFAULT AS IDENTITY (
    SEQUENCE NAME public.django_migrations_id_seq
    START WITH 1
    INCREMENT BY 1
    NO MINVALUE
    NO MAXVALUE
    CACHE 1
);


--
-- Name: django_session; Type: TABLE; Schema: public; Owner: betyaevilya
--

CREATE TABLE public.django_session (
    session_key character varying(40) NOT NULL,
    session_data text NOT NULL,
    expire_date timestamp with time zone NOT NULL
);


ALTER TABLE public.django_session OWNER TO betyaevilya;

--
-- Name: fetcher_finalmessages; Type: TABLE; Schema: public; Owner: betyaevilya
--

CREATE TABLE public.fetcher_finalmessages (
    id bigint NOT NULL,
    title character varying NOT NULL,
    message text NOT NULL,
    date timestamp with time zone NOT NULL
);


ALTER TABLE public.fetcher_finalmessages OWNER TO betyaevilya;

--
-- Name: fetcher_finalmessages_id_seq; Type: SEQUENCE; Schema: public; Owner: betyaevilya
--

ALTER TABLE public.fetcher_finalmessages ALTER COLUMN id ADD GENERATED BY DEFAULT AS IDENTITY (
    SEQUENCE NAME public.fetcher_finalmessages_id_seq
    START WITH 1
    INCREMENT BY 1
    NO MINVALUE
    NO MAXVALUE
    CACHE 1
);


--
-- Name: fetcher_finalmessages_last_messages; Type: TABLE; Schema: public; Owner: betyaevilya
--

CREATE TABLE public.fetcher_finalmessages_last_messages (
    id bigint NOT NULL,
    finalmessages_id bigint NOT NULL,
    lastmessages_id bigint NOT NULL
);


ALTER TABLE public.fetcher_finalmessages_last_messages OWNER TO betyaevilya;

--
-- Name: fetcher_finalmessages_last_messages_id_seq; Type: SEQUENCE; Schema: public; Owner: betyaevilya
--

ALTER TABLE public.fetcher_finalmessages_last_messages ALTER COLUMN id ADD GENERATED BY DEFAULT AS IDENTITY (
    SEQUENCE NAME public.fetcher_finalmessages_last_messages_id_seq
    START WITH 1
    INCREMENT BY 1
    NO MINVALUE
    NO MAXVALUE
    CACHE 1
);


--
-- Name: fetcher_lastmessages; Type: TABLE; Schema: public; Owner: betyaevilya
--

CREATE TABLE public.fetcher_lastmessages (
    id bigint NOT NULL,
    text text NOT NULL,
    date timestamp with time zone NOT NULL,
    is_add boolean NOT NULL,
    channel_id bigint NOT NULL,
    media_url text
);


ALTER TABLE public.fetcher_lastmessages OWNER TO betyaevilya;

--
-- Name: fetcher_lastmessages_id_seq; Type: SEQUENCE; Schema: public; Owner: betyaevilya
--

ALTER TABLE public.fetcher_lastmessages ALTER COLUMN id ADD GENERATED BY DEFAULT AS IDENTITY (
    SEQUENCE NAME public.fetcher_lastmessages_id_seq
    START WITH 1
    INCREMENT BY 1
    NO MINVALUE
    NO MAXVALUE
    CACHE 1
);


--
-- Name: fetcher_telegramchanell; Type: TABLE; Schema: public; Owner: betyaevilya
--

CREATE TABLE public.fetcher_telegramchanell (
    id bigint NOT NULL,
    name character varying(255) NOT NULL,
    now_parsing boolean NOT NULL,
    frequency bigint NOT NULL
);


ALTER TABLE public.fetcher_telegramchanell OWNER TO betyaevilya;

--
-- Data for Name: auth_group; Type: TABLE DATA; Schema: public; Owner: betyaevilya
--

COPY public.auth_group (id, name) FROM stdin;
\.


--
-- Data for Name: auth_group_permissions; Type: TABLE DATA; Schema: public; Owner: betyaevilya
--

COPY public.auth_group_permissions (id, group_id, permission_id) FROM stdin;
\.


--
-- Data for Name: auth_permission; Type: TABLE DATA; Schema: public; Owner: betyaevilya
--

COPY public.auth_permission (id, name, content_type_id, codename) FROM stdin;
1	Can add log entry	1	add_logentry
2	Can change log entry	1	change_logentry
3	Can delete log entry	1	delete_logentry
4	Can view log entry	1	view_logentry
5	Can add permission	2	add_permission
6	Can change permission	2	change_permission
7	Can delete permission	2	delete_permission
8	Can view permission	2	view_permission
9	Can add group	3	add_group
10	Can change group	3	change_group
11	Can delete group	3	delete_group
12	Can view group	3	view_group
13	Can add user	4	add_user
14	Can change user	4	change_user
15	Can delete user	4	delete_user
16	Can view user	4	view_user
17	Can add content type	5	add_contenttype
18	Can change content type	5	change_contenttype
19	Can delete content type	5	delete_contenttype
20	Can view content type	5	view_contenttype
21	Can add session	6	add_session
22	Can change session	6	change_session
23	Can delete session	6	delete_session
24	Can view session	6	view_session
25	Can add last messages	7	add_lastmessages
26	Can change last messages	7	change_lastmessages
27	Can delete last messages	7	delete_lastmessages
28	Can view last messages	7	view_lastmessages
29	Can add telegram chanell	8	add_telegramchanell
30	Can change telegram chanell	8	change_telegramchanell
31	Can delete telegram chanell	8	delete_telegramchanell
32	Can view telegram chanell	8	view_telegramchanell
33	Can add final messages	9	add_finalmessages
34	Can change final messages	9	change_finalmessages
35	Can delete final messages	9	delete_finalmessages
36	Can view final messages	9	view_finalmessages
\.


--
-- Data for Name: auth_user; Type: TABLE DATA; Schema: public; Owner: betyaevilya
--

COPY public.auth_user (id, password, last_login, is_superuser, username, first_name, last_name, email, is_staff, is_active, date_joined) FROM stdin;
1	pbkdf2_sha256$720000$UuRlRti9z7gmAthJ4urZJr$TFr+g4Lgz8fp8rgPc36Bc8botDcr50DWxBwanAquqZo=	2024-07-21 05:44:40.666324+00	t	betyaevilya			betyaev.ilya2004@gmail.com	t	t	2024-07-21 05:44:36.363951+00
\.


--
-- Data for Name: auth_user_groups; Type: TABLE DATA; Schema: public; Owner: betyaevilya
--

COPY public.auth_user_groups (id, user_id, group_id) FROM stdin;
\.


--
-- Data for Name: auth_user_user_permissions; Type: TABLE DATA; Schema: public; Owner: betyaevilya
--

COPY public.auth_user_user_permissions (id, user_id, permission_id) FROM stdin;
\.


--
-- Data for Name: django_admin_log; Type: TABLE DATA; Schema: public; Owner: betyaevilya
--

COPY public.django_admin_log (id, action_time, object_id, object_repr, action_flag, change_message, content_type_id, user_id) FROM stdin;
1	2024-07-21 05:45:54.196504+00	-1001591623268	TelegramChanell object (-1001591623268)	1	[{"added": {}}]	8	1
2	2024-07-21 05:46:23.745437+00	-1001101170442	TelegramChanell object (-1001101170442)	1	[{"added": {}}]	8	1
3	2024-07-21 05:46:51.204491+00	-1001394050290	TelegramChanell object (-1001394050290)	1	[{"added": {}}]	8	1
4	2024-07-21 05:47:38.740314+00	-1001117628569	TelegramChanell object (-1001117628569)	1	[{"added": {}}]	8	1
\.


--
-- Data for Name: django_content_type; Type: TABLE DATA; Schema: public; Owner: betyaevilya
--

COPY public.django_content_type (id, app_label, model) FROM stdin;
1	admin	logentry
2	auth	permission
3	auth	group
4	auth	user
5	contenttypes	contenttype
6	sessions	session
7	fetcher	lastmessages
8	fetcher	telegramchanell
9	fetcher	finalmessages
\.


--
-- Data for Name: django_migrations; Type: TABLE DATA; Schema: public; Owner: betyaevilya
--

COPY public.django_migrations (id, app, name, applied) FROM stdin;
1	contenttypes	0001_initial	2024-07-21 05:43:31.874979+00
2	auth	0001_initial	2024-07-21 05:43:32.019911+00
3	admin	0001_initial	2024-07-21 05:43:32.054912+00
4	admin	0002_logentry_remove_auto_add	2024-07-21 05:43:32.072558+00
5	admin	0003_logentry_add_action_flag_choices	2024-07-21 05:43:32.090997+00
6	contenttypes	0002_remove_content_type_name	2024-07-21 05:43:32.130805+00
7	auth	0002_alter_permission_name_max_length	2024-07-21 05:43:32.151115+00
8	auth	0003_alter_user_email_max_length	2024-07-21 05:43:32.168305+00
9	auth	0004_alter_user_username_opts	2024-07-21 05:43:32.190479+00
10	auth	0005_alter_user_last_login_null	2024-07-21 05:43:32.211374+00
11	auth	0006_require_contenttypes_0002	2024-07-21 05:43:32.214646+00
12	auth	0007_alter_validators_add_error_messages	2024-07-21 05:43:32.237484+00
13	auth	0008_alter_user_username_max_length	2024-07-21 05:43:32.261413+00
14	auth	0009_alter_user_last_name_max_length	2024-07-21 05:43:32.284889+00
15	auth	0010_alter_group_name_max_length	2024-07-21 05:43:32.303479+00
16	auth	0011_update_proxy_permissions	2024-07-21 05:43:32.32486+00
17	auth	0012_alter_user_first_name_max_length	2024-07-21 05:43:32.34852+00
18	fetcher	0001_initial	2024-07-21 05:43:32.425676+00
19	fetcher	0002_rename_chanell_lastmessages_channel	2024-07-21 05:43:32.451006+00
20	fetcher	0003_remove_lastmessages_photo_url_lastmessages_media_url	2024-07-21 05:43:32.474498+00
21	fetcher	0004_alter_lastmessages_media_url	2024-07-21 05:43:32.490288+00
22	sessions	0001_initial	2024-07-21 05:43:32.513731+00
\.


--
-- Data for Name: django_session; Type: TABLE DATA; Schema: public; Owner: betyaevilya
--

COPY public.django_session (session_key, session_data, expire_date) FROM stdin;
2cxshffzcus2hmk6oznlgoybp2z0nqzh	.eJxVjDsOwjAQBe_iGln-fyjpOYO19q5xADlSnFSIu0OkFNC-mXkvlmBbW9oGLWlCdmaSnX63DOVBfQd4h36beZn7ukyZ7wo_6ODXGel5Ody_gwajfWsrMEolsnOKjAvFORlChOC1gQAGSSrUKMl7qq5GD1GUmslSFjobq9n7A8YON7A:1sVPNA:1adBFNHuJJUhoFPl6HUhoG4ZLzXlmOCxnV4jt5nRPdA	2024-08-04 05:44:40.669701+00
\.


--
-- Data for Name: fetcher_finalmessages; Type: TABLE DATA; Schema: public; Owner: betyaevilya
--

COPY public.fetcher_finalmessages (id, title, message, date) FROM stdin;
\.


--
-- Data for Name: fetcher_finalmessages_last_messages; Type: TABLE DATA; Schema: public; Owner: betyaevilya
--

COPY public.fetcher_finalmessages_last_messages (id, finalmessages_id, lastmessages_id) FROM stdin;
\.


--
-- Data for Name: fetcher_lastmessages; Type: TABLE DATA; Schema: public; Owner: betyaevilya
--

COPY public.fetcher_lastmessages (id, text, date, is_add, channel_id, media_url) FROM stdin;
1	🌈 После дождя в столице появилась двойная радуга. \n\n__Очень красиво!\n__\n⭐ [МосАфиша](https://t.me/+iHVT7OVuZxszNWNi)	2024-07-21 17:37:04+00	f	-1001591623268	\N
2	Байден после выхода из президентской гонки заявил, что полностью поддерживает кандидатуру вице-президента Харрис	2024-07-21 18:19:16+00	f	-1001101170442	\N
3	⚡️Байден после выхода из президентской гонки заявил, что «полностью поддерживает» кандидатуру вице-президента Харрис, призвал демократов «победить Трампа».	2024-07-21 18:19:20+00	f	-1001394050290	\N
4	Джо Байден заявил, что выходит из президентской гонки. При этом он будет руководить США до конца своего срока.\n\nА актуальный расклад по тому, кто, вероятно, займёт его место на выборах и с кем придётся побороться Трампу, уже давали в [Mash Room](https://t.me/mashkomnata/5324). \n\n❗️ [Подписывайся на Mash](https://t.me/+mBgDVq0QTftmY2Ji)	2024-07-21 17:52:25+00	f	-1001117628569	HD (20).mp4
\.


--
-- Data for Name: fetcher_telegramchanell; Type: TABLE DATA; Schema: public; Owner: betyaevilya
--

COPY public.fetcher_telegramchanell (id, name, now_parsing, frequency) FROM stdin;
-1001591623268	МосАфиша	t	1800
-1001101170442	РИА Новости	t	1800
-1001394050290	Раньше всех	t	1800
-1001117628569	Mash	t	1800
\.


--
-- Name: auth_group_id_seq; Type: SEQUENCE SET; Schema: public; Owner: betyaevilya
--

SELECT pg_catalog.setval('public.auth_group_id_seq', 1, false);


--
-- Name: auth_group_permissions_id_seq; Type: SEQUENCE SET; Schema: public; Owner: betyaevilya
--

SELECT pg_catalog.setval('public.auth_group_permissions_id_seq', 1, false);


--
-- Name: auth_permission_id_seq; Type: SEQUENCE SET; Schema: public; Owner: betyaevilya
--

SELECT pg_catalog.setval('public.auth_permission_id_seq', 36, true);


--
-- Name: auth_user_groups_id_seq; Type: SEQUENCE SET; Schema: public; Owner: betyaevilya
--

SELECT pg_catalog.setval('public.auth_user_groups_id_seq', 1, false);


--
-- Name: auth_user_id_seq; Type: SEQUENCE SET; Schema: public; Owner: betyaevilya
--

SELECT pg_catalog.setval('public.auth_user_id_seq', 1, true);


--
-- Name: auth_user_user_permissions_id_seq; Type: SEQUENCE SET; Schema: public; Owner: betyaevilya
--

SELECT pg_catalog.setval('public.auth_user_user_permissions_id_seq', 1, false);


--
-- Name: django_admin_log_id_seq; Type: SEQUENCE SET; Schema: public; Owner: betyaevilya
--

SELECT pg_catalog.setval('public.django_admin_log_id_seq', 4, true);


--
-- Name: django_content_type_id_seq; Type: SEQUENCE SET; Schema: public; Owner: betyaevilya
--

SELECT pg_catalog.setval('public.django_content_type_id_seq', 9, true);


--
-- Name: django_migrations_id_seq; Type: SEQUENCE SET; Schema: public; Owner: betyaevilya
--

SELECT pg_catalog.setval('public.django_migrations_id_seq', 22, true);


--
-- Name: fetcher_finalmessages_id_seq; Type: SEQUENCE SET; Schema: public; Owner: betyaevilya
--

SELECT pg_catalog.setval('public.fetcher_finalmessages_id_seq', 1, false);


--
-- Name: fetcher_finalmessages_last_messages_id_seq; Type: SEQUENCE SET; Schema: public; Owner: betyaevilya
--

SELECT pg_catalog.setval('public.fetcher_finalmessages_last_messages_id_seq', 1, false);


--
-- Name: fetcher_lastmessages_id_seq; Type: SEQUENCE SET; Schema: public; Owner: betyaevilya
--

SELECT pg_catalog.setval('public.fetcher_lastmessages_id_seq', 4, true);


--
-- Name: auth_group auth_group_name_key; Type: CONSTRAINT; Schema: public; Owner: betyaevilya
--

ALTER TABLE ONLY public.auth_group
    ADD CONSTRAINT auth_group_name_key UNIQUE (name);


--
-- Name: auth_group_permissions auth_group_permissions_group_id_permission_id_0cd325b0_uniq; Type: CONSTRAINT; Schema: public; Owner: betyaevilya
--

ALTER TABLE ONLY public.auth_group_permissions
    ADD CONSTRAINT auth_group_permissions_group_id_permission_id_0cd325b0_uniq UNIQUE (group_id, permission_id);


--
-- Name: auth_group_permissions auth_group_permissions_pkey; Type: CONSTRAINT; Schema: public; Owner: betyaevilya
--

ALTER TABLE ONLY public.auth_group_permissions
    ADD CONSTRAINT auth_group_permissions_pkey PRIMARY KEY (id);


--
-- Name: auth_group auth_group_pkey; Type: CONSTRAINT; Schema: public; Owner: betyaevilya
--

ALTER TABLE ONLY public.auth_group
    ADD CONSTRAINT auth_group_pkey PRIMARY KEY (id);


--
-- Name: auth_permission auth_permission_content_type_id_codename_01ab375a_uniq; Type: CONSTRAINT; Schema: public; Owner: betyaevilya
--

ALTER TABLE ONLY public.auth_permission
    ADD CONSTRAINT auth_permission_content_type_id_codename_01ab375a_uniq UNIQUE (content_type_id, codename);


--
-- Name: auth_permission auth_permission_pkey; Type: CONSTRAINT; Schema: public; Owner: betyaevilya
--

ALTER TABLE ONLY public.auth_permission
    ADD CONSTRAINT auth_permission_pkey PRIMARY KEY (id);


--
-- Name: auth_user_groups auth_user_groups_pkey; Type: CONSTRAINT; Schema: public; Owner: betyaevilya
--

ALTER TABLE ONLY public.auth_user_groups
    ADD CONSTRAINT auth_user_groups_pkey PRIMARY KEY (id);


--
-- Name: auth_user_groups auth_user_groups_user_id_group_id_94350c0c_uniq; Type: CONSTRAINT; Schema: public; Owner: betyaevilya
--

ALTER TABLE ONLY public.auth_user_groups
    ADD CONSTRAINT auth_user_groups_user_id_group_id_94350c0c_uniq UNIQUE (user_id, group_id);


--
-- Name: auth_user auth_user_pkey; Type: CONSTRAINT; Schema: public; Owner: betyaevilya
--

ALTER TABLE ONLY public.auth_user
    ADD CONSTRAINT auth_user_pkey PRIMARY KEY (id);


--
-- Name: auth_user_user_permissions auth_user_user_permissions_pkey; Type: CONSTRAINT; Schema: public; Owner: betyaevilya
--

ALTER TABLE ONLY public.auth_user_user_permissions
    ADD CONSTRAINT auth_user_user_permissions_pkey PRIMARY KEY (id);


--
-- Name: auth_user_user_permissions auth_user_user_permissions_user_id_permission_id_14a6b632_uniq; Type: CONSTRAINT; Schema: public; Owner: betyaevilya
--

ALTER TABLE ONLY public.auth_user_user_permissions
    ADD CONSTRAINT auth_user_user_permissions_user_id_permission_id_14a6b632_uniq UNIQUE (user_id, permission_id);


--
-- Name: auth_user auth_user_username_key; Type: CONSTRAINT; Schema: public; Owner: betyaevilya
--

ALTER TABLE ONLY public.auth_user
    ADD CONSTRAINT auth_user_username_key UNIQUE (username);


--
-- Name: django_admin_log django_admin_log_pkey; Type: CONSTRAINT; Schema: public; Owner: betyaevilya
--

ALTER TABLE ONLY public.django_admin_log
    ADD CONSTRAINT django_admin_log_pkey PRIMARY KEY (id);


--
-- Name: django_content_type django_content_type_app_label_model_76bd3d3b_uniq; Type: CONSTRAINT; Schema: public; Owner: betyaevilya
--

ALTER TABLE ONLY public.django_content_type
    ADD CONSTRAINT django_content_type_app_label_model_76bd3d3b_uniq UNIQUE (app_label, model);


--
-- Name: django_content_type django_content_type_pkey; Type: CONSTRAINT; Schema: public; Owner: betyaevilya
--

ALTER TABLE ONLY public.django_content_type
    ADD CONSTRAINT django_content_type_pkey PRIMARY KEY (id);


--
-- Name: django_migrations django_migrations_pkey; Type: CONSTRAINT; Schema: public; Owner: betyaevilya
--

ALTER TABLE ONLY public.django_migrations
    ADD CONSTRAINT django_migrations_pkey PRIMARY KEY (id);


--
-- Name: django_session django_session_pkey; Type: CONSTRAINT; Schema: public; Owner: betyaevilya
--

ALTER TABLE ONLY public.django_session
    ADD CONSTRAINT django_session_pkey PRIMARY KEY (session_key);


--
-- Name: fetcher_finalmessages_last_messages fetcher_finalmessages_la_finalmessages_id_lastmes_67c3c940_uniq; Type: CONSTRAINT; Schema: public; Owner: betyaevilya
--

ALTER TABLE ONLY public.fetcher_finalmessages_last_messages
    ADD CONSTRAINT fetcher_finalmessages_la_finalmessages_id_lastmes_67c3c940_uniq UNIQUE (finalmessages_id, lastmessages_id);


--
-- Name: fetcher_finalmessages_last_messages fetcher_finalmessages_last_messages_pkey; Type: CONSTRAINT; Schema: public; Owner: betyaevilya
--

ALTER TABLE ONLY public.fetcher_finalmessages_last_messages
    ADD CONSTRAINT fetcher_finalmessages_last_messages_pkey PRIMARY KEY (id);


--
-- Name: fetcher_finalmessages fetcher_finalmessages_pkey; Type: CONSTRAINT; Schema: public; Owner: betyaevilya
--

ALTER TABLE ONLY public.fetcher_finalmessages
    ADD CONSTRAINT fetcher_finalmessages_pkey PRIMARY KEY (id);


--
-- Name: fetcher_lastmessages fetcher_lastmessages_pkey; Type: CONSTRAINT; Schema: public; Owner: betyaevilya
--

ALTER TABLE ONLY public.fetcher_lastmessages
    ADD CONSTRAINT fetcher_lastmessages_pkey PRIMARY KEY (id);


--
-- Name: fetcher_telegramchanell fetcher_telegramchanell_pkey; Type: CONSTRAINT; Schema: public; Owner: betyaevilya
--

ALTER TABLE ONLY public.fetcher_telegramchanell
    ADD CONSTRAINT fetcher_telegramchanell_pkey PRIMARY KEY (id);


--
-- Name: auth_group_name_a6ea08ec_like; Type: INDEX; Schema: public; Owner: betyaevilya
--

CREATE INDEX auth_group_name_a6ea08ec_like ON public.auth_group USING btree (name varchar_pattern_ops);


--
-- Name: auth_group_permissions_group_id_b120cbf9; Type: INDEX; Schema: public; Owner: betyaevilya
--

CREATE INDEX auth_group_permissions_group_id_b120cbf9 ON public.auth_group_permissions USING btree (group_id);


--
-- Name: auth_group_permissions_permission_id_84c5c92e; Type: INDEX; Schema: public; Owner: betyaevilya
--

CREATE INDEX auth_group_permissions_permission_id_84c5c92e ON public.auth_group_permissions USING btree (permission_id);


--
-- Name: auth_permission_content_type_id_2f476e4b; Type: INDEX; Schema: public; Owner: betyaevilya
--

CREATE INDEX auth_permission_content_type_id_2f476e4b ON public.auth_permission USING btree (content_type_id);


--
-- Name: auth_user_groups_group_id_97559544; Type: INDEX; Schema: public; Owner: betyaevilya
--

CREATE INDEX auth_user_groups_group_id_97559544 ON public.auth_user_groups USING btree (group_id);


--
-- Name: auth_user_groups_user_id_6a12ed8b; Type: INDEX; Schema: public; Owner: betyaevilya
--

CREATE INDEX auth_user_groups_user_id_6a12ed8b ON public.auth_user_groups USING btree (user_id);


--
-- Name: auth_user_user_permissions_permission_id_1fbb5f2c; Type: INDEX; Schema: public; Owner: betyaevilya
--

CREATE INDEX auth_user_user_permissions_permission_id_1fbb5f2c ON public.auth_user_user_permissions USING btree (permission_id);


--
-- Name: auth_user_user_permissions_user_id_a95ead1b; Type: INDEX; Schema: public; Owner: betyaevilya
--

CREATE INDEX auth_user_user_permissions_user_id_a95ead1b ON public.auth_user_user_permissions USING btree (user_id);


--
-- Name: auth_user_username_6821ab7c_like; Type: INDEX; Schema: public; Owner: betyaevilya
--

CREATE INDEX auth_user_username_6821ab7c_like ON public.auth_user USING btree (username varchar_pattern_ops);


--
-- Name: django_admin_log_content_type_id_c4bce8eb; Type: INDEX; Schema: public; Owner: betyaevilya
--

CREATE INDEX django_admin_log_content_type_id_c4bce8eb ON public.django_admin_log USING btree (content_type_id);


--
-- Name: django_admin_log_user_id_c564eba6; Type: INDEX; Schema: public; Owner: betyaevilya
--

CREATE INDEX django_admin_log_user_id_c564eba6 ON public.django_admin_log USING btree (user_id);


--
-- Name: django_session_expire_date_a5c62663; Type: INDEX; Schema: public; Owner: betyaevilya
--

CREATE INDEX django_session_expire_date_a5c62663 ON public.django_session USING btree (expire_date);


--
-- Name: django_session_session_key_c0390e0f_like; Type: INDEX; Schema: public; Owner: betyaevilya
--

CREATE INDEX django_session_session_key_c0390e0f_like ON public.django_session USING btree (session_key varchar_pattern_ops);


--
-- Name: fetcher_finalmessages_last_messages_finalmessages_id_7cf8ac78; Type: INDEX; Schema: public; Owner: betyaevilya
--

CREATE INDEX fetcher_finalmessages_last_messages_finalmessages_id_7cf8ac78 ON public.fetcher_finalmessages_last_messages USING btree (finalmessages_id);


--
-- Name: fetcher_finalmessages_last_messages_lastmessages_id_4819ddf5; Type: INDEX; Schema: public; Owner: betyaevilya
--

CREATE INDEX fetcher_finalmessages_last_messages_lastmessages_id_4819ddf5 ON public.fetcher_finalmessages_last_messages USING btree (lastmessages_id);


--
-- Name: fetcher_lastmessages_chanell_id_079c13dc; Type: INDEX; Schema: public; Owner: betyaevilya
--

CREATE INDEX fetcher_lastmessages_chanell_id_079c13dc ON public.fetcher_lastmessages USING btree (channel_id);


--
-- Name: auth_group_permissions auth_group_permissio_permission_id_84c5c92e_fk_auth_perm; Type: FK CONSTRAINT; Schema: public; Owner: betyaevilya
--

ALTER TABLE ONLY public.auth_group_permissions
    ADD CONSTRAINT auth_group_permissio_permission_id_84c5c92e_fk_auth_perm FOREIGN KEY (permission_id) REFERENCES public.auth_permission(id) DEFERRABLE INITIALLY DEFERRED;


--
-- Name: auth_group_permissions auth_group_permissions_group_id_b120cbf9_fk_auth_group_id; Type: FK CONSTRAINT; Schema: public; Owner: betyaevilya
--

ALTER TABLE ONLY public.auth_group_permissions
    ADD CONSTRAINT auth_group_permissions_group_id_b120cbf9_fk_auth_group_id FOREIGN KEY (group_id) REFERENCES public.auth_group(id) DEFERRABLE INITIALLY DEFERRED;


--
-- Name: auth_permission auth_permission_content_type_id_2f476e4b_fk_django_co; Type: FK CONSTRAINT; Schema: public; Owner: betyaevilya
--

ALTER TABLE ONLY public.auth_permission
    ADD CONSTRAINT auth_permission_content_type_id_2f476e4b_fk_django_co FOREIGN KEY (content_type_id) REFERENCES public.django_content_type(id) DEFERRABLE INITIALLY DEFERRED;


--
-- Name: auth_user_groups auth_user_groups_group_id_97559544_fk_auth_group_id; Type: FK CONSTRAINT; Schema: public; Owner: betyaevilya
--

ALTER TABLE ONLY public.auth_user_groups
    ADD CONSTRAINT auth_user_groups_group_id_97559544_fk_auth_group_id FOREIGN KEY (group_id) REFERENCES public.auth_group(id) DEFERRABLE INITIALLY DEFERRED;


--
-- Name: auth_user_groups auth_user_groups_user_id_6a12ed8b_fk_auth_user_id; Type: FK CONSTRAINT; Schema: public; Owner: betyaevilya
--

ALTER TABLE ONLY public.auth_user_groups
    ADD CONSTRAINT auth_user_groups_user_id_6a12ed8b_fk_auth_user_id FOREIGN KEY (user_id) REFERENCES public.auth_user(id) DEFERRABLE INITIALLY DEFERRED;


--
-- Name: auth_user_user_permissions auth_user_user_permi_permission_id_1fbb5f2c_fk_auth_perm; Type: FK CONSTRAINT; Schema: public; Owner: betyaevilya
--

ALTER TABLE ONLY public.auth_user_user_permissions
    ADD CONSTRAINT auth_user_user_permi_permission_id_1fbb5f2c_fk_auth_perm FOREIGN KEY (permission_id) REFERENCES public.auth_permission(id) DEFERRABLE INITIALLY DEFERRED;


--
-- Name: auth_user_user_permissions auth_user_user_permissions_user_id_a95ead1b_fk_auth_user_id; Type: FK CONSTRAINT; Schema: public; Owner: betyaevilya
--

ALTER TABLE ONLY public.auth_user_user_permissions
    ADD CONSTRAINT auth_user_user_permissions_user_id_a95ead1b_fk_auth_user_id FOREIGN KEY (user_id) REFERENCES public.auth_user(id) DEFERRABLE INITIALLY DEFERRED;


--
-- Name: django_admin_log django_admin_log_content_type_id_c4bce8eb_fk_django_co; Type: FK CONSTRAINT; Schema: public; Owner: betyaevilya
--

ALTER TABLE ONLY public.django_admin_log
    ADD CONSTRAINT django_admin_log_content_type_id_c4bce8eb_fk_django_co FOREIGN KEY (content_type_id) REFERENCES public.django_content_type(id) DEFERRABLE INITIALLY DEFERRED;


--
-- Name: django_admin_log django_admin_log_user_id_c564eba6_fk_auth_user_id; Type: FK CONSTRAINT; Schema: public; Owner: betyaevilya
--

ALTER TABLE ONLY public.django_admin_log
    ADD CONSTRAINT django_admin_log_user_id_c564eba6_fk_auth_user_id FOREIGN KEY (user_id) REFERENCES public.auth_user(id) DEFERRABLE INITIALLY DEFERRED;


--
-- Name: fetcher_finalmessages_last_messages fetcher_finalmessage_finalmessages_id_7cf8ac78_fk_fetcher_f; Type: FK CONSTRAINT; Schema: public; Owner: betyaevilya
--

ALTER TABLE ONLY public.fetcher_finalmessages_last_messages
    ADD CONSTRAINT fetcher_finalmessage_finalmessages_id_7cf8ac78_fk_fetcher_f FOREIGN KEY (finalmessages_id) REFERENCES public.fetcher_finalmessages(id) DEFERRABLE INITIALLY DEFERRED;


--
-- Name: fetcher_finalmessages_last_messages fetcher_finalmessage_lastmessages_id_4819ddf5_fk_fetcher_l; Type: FK CONSTRAINT; Schema: public; Owner: betyaevilya
--

ALTER TABLE ONLY public.fetcher_finalmessages_last_messages
    ADD CONSTRAINT fetcher_finalmessage_lastmessages_id_4819ddf5_fk_fetcher_l FOREIGN KEY (lastmessages_id) REFERENCES public.fetcher_lastmessages(id) DEFERRABLE INITIALLY DEFERRED;


--
-- Name: fetcher_lastmessages fetcher_lastmessages_channel_id_53011796_fk_fetcher_t; Type: FK CONSTRAINT; Schema: public; Owner: betyaevilya
--

ALTER TABLE ONLY public.fetcher_lastmessages
    ADD CONSTRAINT fetcher_lastmessages_channel_id_53011796_fk_fetcher_t FOREIGN KEY (channel_id) REFERENCES public.fetcher_telegramchanell(id) DEFERRABLE INITIALLY DEFERRED;


--
-- PostgreSQL database dump complete
--

